{
 "SoundBanksInfo": {
  "Platform": "Windows",
  "BasePlatform": "Windows",
  "SchemaVersion": "16",
  "SoundBankVersion": "154",
  "SoundBanks": [
   {
	"Id": "1355168291",
	"Type": "User",
	"GUID": "{701ECBBD-9C7B-4030-8CDB-749EE5D1C7B9}",
	"Language": "SFX",
	"Hash": "{657AA6C5-D2DC-8E48-E941-690CC9796275}",
	"ObjectPath": "Init",
	"ShortName": "Init",
	"Path": "Init.bnk",
	"Plugins": {
	 "AudioDevices": [
	  {
	   "Id": "2317455096",
	   "Name": "No_Output",
	   "ObjectPath": "\\Audio Devices\\Default Work Unit\\No_Output",
	   "GUID": "{84E30553-88BA-4D0B-B458-D781C4583C45}",
	   "LibName": "No Output",
	   "LibId": "11862023"
	  },
	  {
	   "Id": "3859886410",
	   "Name": "System",
	   "ObjectPath": "\\Audio Devices\\Default Work Unit\\System",
	   "GUID": "{D97B5180-15EE-41C7-9363-990E899FE148}",
	   "LibName": "System",
	   "LibId": "11403271"
	  }
	 ]
	},
	"Busses": [
	 {
	  "Id": "393239870",
	  "Name": "sfx",
	  "ObjectPath": "\\Master-Mixer Hierarchy\\Default Work Unit\\Master Audio Bus\\sfx",
	  "GUID": "{FD5072F5-7FD3-4AD7-8BE6-E217C4DCFA6A}"
	 },
	 {
	  "Id": "611937389",
	  "Name": "ost",
	  "ObjectPath": "\\Master-Mixer Hierarchy\\Default Work Unit\\Master Audio Bus\\ost",
	  "GUID": "{CC98D13B-D6CB-4953-8050-D2786348ADF7}"
	 },
	 {
	  "Id": "741662453",
	  "Name": "instrumental",
	  "ObjectPath": "\\Master-Mixer Hierarchy\\Default Work Unit\\Master Audio Bus\\sfx\\instrumental",
	  "GUID": "{0064576B-5C11-4171-B431-772E94C3E2C1}"
	 },
	 {
	  "Id": "3803692087",
	  "Name": "Master Audio Bus",
	  "ObjectPath": "\\Master-Mixer Hierarchy\\Default Work Unit\\Master Audio Bus",
	  "GUID": "{1514A4D8-1DA6-412A-A17E-75CA0C2149F3}"
	 }
	],
	"GameParameters": [
	 {
	  "Id": "736504446",
	  "Name": "masterVol",
	  "ObjectPath": "\\Game Parameters\\Default Work Unit\\masterVol",
	  "GUID": "{E99E8A7A-62BB-4134-AA33-447E2E04D0C6}"
	 },
	 {
	  "Id": "822163944",
	  "Name": "SS_Air_RPM",
	  "ObjectPath": "\\Game Parameters\\Factory Soundseed Air Game Syncs\\SS_Air_RPM",
	  "GUID": "{A34890AB-B9D5-4526-A64D-5290C43EF2DC}"
	 },
	 {
	  "Id": "1029930033",
	  "Name": "SS_Air_Fury",
	  "ObjectPath": "\\Game Parameters\\Factory Soundseed Air Game Syncs\\SS_Air_Fury",
	  "GUID": "{A2AE79DC-CA3A-46BA-9652-9986C322A87B}"
	 },
	 {
	  "Id": "1351367891",
	  "Name": "SS_Air_Fear",
	  "ObjectPath": "\\Game Parameters\\Factory Soundseed Air Game Syncs\\SS_Air_Fear",
	  "GUID": "{F72E0659-4346-4E1C-A1B1-DAB46A05101E}"
	 },
	 {
	  "Id": "2275025563",
	  "Name": "spinNum",
	  "ObjectPath": "\\Game Parameters\\Default Work Unit\\spinNum",
	  "GUID": "{6D9C51D4-8764-4FBB-94B6-789A4D302314}"
	 },
	 {
	  "Id": "2349374904",
	  "Name": "ostVol",
	  "ObjectPath": "\\Game Parameters\\Default Work Unit\\ostVol",
	  "GUID": "{ADE81778-4FE6-4950-8594-FFA9C6C741ED}"
	 },
	 {
	  "Id": "2648548617",
	  "Name": "SS_Air_Month",
	  "ObjectPath": "\\Game Parameters\\Factory Soundseed Air Game Syncs\\SS_Air_Month",
	  "GUID": "{09E2B445-C4A3-447F-B3CA-818A1D925EF7}"
	 },
	 {
	  "Id": "3002758120",
	  "Name": "SS_Air_Freefall",
	  "ObjectPath": "\\Game Parameters\\Factory Soundseed Air Game Syncs\\SS_Air_Freefall",
	  "GUID": "{2F2DFE37-4F9E-4D94-83D8-53CCA39781AD}"
	 },
	 {
	  "Id": "3074696722",
	  "Name": "SS_Air_Size",
	  "ObjectPath": "\\Game Parameters\\Factory Soundseed Air Game Syncs\\SS_Air_Size",
	  "GUID": "{1329EBEF-A193-472E-A38C-64668B494879}"
	 },
	 {
	  "Id": "3203397129",
	  "Name": "SS_Air_TimeOfDay",
	  "ObjectPath": "\\Game Parameters\\Factory Soundseed Air Game Syncs\\SS_Air_TimeOfDay",
	  "GUID": "{536FA72C-8C7E-4C8B-AE03-EF34FDADC314}"
	 },
	 {
	  "Id": "3432874653",
	  "Name": "sfxVol",
	  "ObjectPath": "\\Game Parameters\\Default Work Unit\\sfxVol",
	  "GUID": "{ED2776B1-2FB0-464F-BD6A-2910C7706F39}"
	 },
	 {
	  "Id": "3715662592",
	  "Name": "SS_Air_Storm",
	  "ObjectPath": "\\Game Parameters\\Factory Soundseed Air Game Syncs\\SS_Air_Storm",
	  "GUID": "{E93F8CDB-06D1-4737-ACAF-7CD44BBED783}"
	 },
	 {
	  "Id": "3847924954",
	  "Name": "SS_Air_Presence",
	  "ObjectPath": "\\Game Parameters\\Factory Soundseed Air Game Syncs\\SS_Air_Presence",
	  "GUID": "{E3B7811A-7B2F-490F-B44F-5FE51B468041}"
	 },
	 {
	  "Id": "4160247818",
	  "Name": "SS_Air_Turbulence",
	  "ObjectPath": "\\Game Parameters\\Factory Soundseed Air Game Syncs\\SS_Air_Turbulence",
	  "GUID": "{EDA87B19-73AA-40A0-9F19-2073606DB710}"
	 }
	],
	"StateGroups": [
	 {
	  "Id": "936499202",
	  "Name": "result",
	  "ObjectPath": "\\States\\Default Work Unit\\result",
	  "GUID": "{159262B9-98BD-48A3-9893-3105063E0619}",
	  "States": [
	   {
		"Id": "221232726",
		"Name": "lose",
		"ObjectPath": "\\States\\Default Work Unit\\result\\lose",
		"GUID": "{DC780D99-D55D-4CF7-819F-11B9FBCDD6A0}"
	   },
	   {
		"Id": "748895195",
		"Name": "None",
		"ObjectPath": "\\States\\Default Work Unit\\result\\None",
		"GUID": "{89CBAE42-EC78-4820-9ED8-7D50AF868447}"
	   },
	   {
		"Id": "979765101",
		"Name": "win",
		"ObjectPath": "\\States\\Default Work Unit\\result\\win",
		"GUID": "{50C7B36F-4FC9-4B96-9445-C95E2CB50ECA}"
	   }
	  ]
	 },
	 {
	  "Id": "2470328564",
	  "Name": "intensity",
	  "ObjectPath": "\\States\\Default Work Unit\\intensity",
	  "GUID": "{FEB66F76-DFCF-42E5-A7F7-224E6F57A28C}",
	  "States": [
	   {
		"Id": "545371365",
		"Name": "low",
		"ObjectPath": "\\States\\Default Work Unit\\intensity\\low",
		"GUID": "{C6840F81-92AA-4167-8D7D-B3678EE7C565}"
	   },
	   {
		"Id": "748895195",
		"Name": "None",
		"ObjectPath": "\\States\\Default Work Unit\\intensity\\None",
		"GUID": "{0BE5A68D-AA31-4069-8545-096E73398A4D}"
	   },
	   {
		"Id": "1182670505",
		"Name": "mid",
		"ObjectPath": "\\States\\Default Work Unit\\intensity\\mid",
		"GUID": "{5BCA9AC2-01BA-424A-A497-CB3D7198B00B}"
	   },
	   {
		"Id": "3550808449",
		"Name": "high",
		"ObjectPath": "\\States\\Default Work Unit\\intensity\\high",
		"GUID": "{039AC060-DEB8-4EFA-8862-E292D6860D15}"
	   }
	  ]
	 },
	 {
	  "Id": "3459452222",
	  "Name": "phase",
	  "ObjectPath": "\\States\\Default Work Unit\\phase",
	  "GUID": "{5413ED9C-02B4-439A-A058-1046596D0F7B}",
	  "States": [
	   {
		"Id": "89505537",
		"Name": "gameplay",
		"ObjectPath": "\\States\\Default Work Unit\\phase\\gameplay",
		"GUID": "{6EEDB8CE-EBAC-4606-81E4-348F9DFD69D9}"
	   },
	   {
		"Id": "748895195",
		"Name": "None",
		"ObjectPath": "\\States\\Default Work Unit\\phase\\None",
		"GUID": "{73F05E06-A152-4B9F-ADC7-81F0EC3A5F25}"
	   },
	   {
		"Id": "2607556080",
		"Name": "menu",
		"ObjectPath": "\\States\\Default Work Unit\\phase\\menu",
		"GUID": "{D4B2E5B7-EE22-4FBA-9247-F9D349859F78}"
	   },
	   {
		"Id": "3064974266",
		"Name": "special",
		"ObjectPath": "\\States\\Default Work Unit\\phase\\special",
		"GUID": "{BE22D4F2-ED40-40BB-94F7-D65128F1B370}"
	   },
	   {
		"Id": "3161415855",
		"Name": "event",
		"ObjectPath": "\\States\\Default Work Unit\\phase\\event",
		"GUID": "{1DCD9909-BB9D-45A6-BC75-4BA437F1ECD2}"
	   },
	   {
		"Id": "3780578133",
		"Name": "results",
		"ObjectPath": "\\States\\Default Work Unit\\phase\\results",
		"GUID": "{75C79EDC-B2EF-4468-B408-6B17FDC18468}"
	   }
	  ]
	 }
	],
	"SwitchGroups": [
	 {
	  "Id": "2275025563",
	  "Name": "spinNum",
	  "ObjectPath": "\\Switches\\Default Work Unit\\spinNum",
	  "GUID": "{BC610ABD-4A57-4935-931A-E4CD613FCFB5}",
	  "Switches": [
	   {
		"Id": "782826392",
		"Name": "default",
		"ObjectPath": "\\Switches\\Default Work Unit\\spinNum\\default",
		"GUID": "{ECE6578D-273A-48D2-9F8F-D577B4231E49}"
	   }
	  ]
	 }
	],
	"AcousticTextures": [
	 {
	  "Id": "504532776",
	  "Name": "Brick",
	  "ObjectPath": "\\Virtual Acoustics\\Factory Acoustic Textures\\Textures\\Brick",
	  "GUID": "{B086A5A9-F204-4C53-A838-BDB18B18F6D6}",
	  "Color": "8",
	  "Properties": [
	   {
		"Name": "AbsorptionLow",
		"Type": "Real32",
		"Value": "12"
	   },
	   {
		"Name": "AbsorptionMidLow",
		"Type": "Real32",
		"Value": "18"
	   },
	   {
		"Name": "AbsorptionMidHigh",
		"Type": "Real32",
		"Value": "23"
	   },
	   {
		"Name": "AbsorptionHigh",
		"Type": "Real32",
		"Value": "35"
	   },
	   {
		"Name": "Scattering",
		"Type": "Real32",
		"Value": "0"
	   }
	  ]
	 },
	 {
	  "Id": "513139656",
	  "Name": "Mountain",
	  "ObjectPath": "\\Virtual Acoustics\\Factory Acoustic Textures\\Textures\\Mountain",
	  "GUID": "{C5933731-001A-4AB4-98DD-9B033A8C8EAB}",
	  "Properties": [
	   {
		"Name": "AbsorptionLow",
		"Type": "Real32",
		"Value": "0"
	   },
	   {
		"Name": "AbsorptionMidLow",
		"Type": "Real32",
		"Value": "0"
	   },
	   {
		"Name": "AbsorptionMidHigh",
		"Type": "Real32",
		"Value": "0"
	   },
	   {
		"Name": "AbsorptionHigh",
		"Type": "Real32",
		"Value": "0"
	   },
	   {
		"Name": "Scattering",
		"Type": "Real32",
		"Value": "0"
	   }
	  ]
	 },
	 {
	  "Id": "841620460",
	  "Name": "Concrete",
	  "ObjectPath": "\\Virtual Acoustics\\Factory Acoustic Textures\\Textures\\Concrete",
	  "GUID": "{5CF81C00-2896-4AE0-AF7C-3080BDABA682}",
	  "Color": "27",
	  "Properties": [
	   {
		"Name": "AbsorptionLow",
		"Type": "Real32",
		"Value": "6"
	   },
	   {
		"Name": "AbsorptionMidLow",
		"Type": "Real32",
		"Value": "6"
	   },
	   {
		"Name": "AbsorptionMidHigh",
		"Type": "Real32",
		"Value": "6"
	   },
	   {
		"Name": "AbsorptionHigh",
		"Type": "Real32",
		"Value": "14"
	   },
	   {
		"Name": "Scattering",
		"Type": "Real32",
		"Value": "0"
	   }
	  ]
	 },
	 {
	  "Id": "1755085759",
	  "Name": "Wood_Deep",
	  "ObjectPath": "\\Virtual Acoustics\\Factory Acoustic Textures\\Textures\\Wood_Deep",
	  "GUID": "{5246478E-C5DA-4E0C-A0DE-C98D1479529A}",
	  "Color": "9",
	  "Properties": [
	   {
		"Name": "AbsorptionLow",
		"Type": "Real32",
		"Value": "1"
	   },
	   {
		"Name": "AbsorptionMidLow",
		"Type": "Real32",
		"Value": "8"
	   },
	   {
		"Name": "AbsorptionMidHigh",
		"Type": "Real32",
		"Value": "20"
	   },
	   {
		"Name": "AbsorptionHigh",
		"Type": "Real32",
		"Value": "35"
	   },
	   {
		"Name": "Scattering",
		"Type": "Real32",
		"Value": "0"
	   }
	  ]
	 },
	 {
	  "Id": "1873957695",
	  "Name": "Anechoic",
	  "ObjectPath": "\\Virtual Acoustics\\Factory Acoustic Textures\\Textures\\Anechoic",
	  "GUID": "{8B0AC232-02E2-4EDE-BEAC-FDD1A900E3ED}",
	  "Color": "13",
	  "Properties": [
	   {
		"Name": "AbsorptionLow",
		"Type": "Real32",
		"Value": "100"
	   },
	   {
		"Name": "AbsorptionMidLow",
		"Type": "Real32",
		"Value": "100"
	   },
	   {
		"Name": "AbsorptionMidHigh",
		"Type": "Real32",
		"Value": "100"
	   },
	   {
		"Name": "AbsorptionHigh",
		"Type": "Real32",
		"Value": "100"
	   },
	   {
		"Name": "Scattering",
		"Type": "Real32",
		"Value": "0"
	   }
	  ]
	 },
	 {
	  "Id": "1970351858",
	  "Name": "Fabric",
	  "ObjectPath": "\\Virtual Acoustics\\Factory Acoustic Textures\\Textures\\Fabric",
	  "GUID": "{8381D532-DB6E-4EED-A7A3-BC7B0A0B8BA8}",
	  "Color": "4",
	  "Properties": [
	   {
		"Name": "AbsorptionLow",
		"Type": "Real32",
		"Value": "3"
	   },
	   {
		"Name": "AbsorptionMidLow",
		"Type": "Real32",
		"Value": "13"
	   },
	   {
		"Name": "AbsorptionMidHigh",
		"Type": "Real32",
		"Value": "48"
	   },
	   {
		"Name": "AbsorptionHigh",
		"Type": "Real32",
		"Value": "72"
	   },
	   {
		"Name": "Scattering",
		"Type": "Real32",
		"Value": "0"
	   }
	  ]
	 },
	 {
	  "Id": "2058049674",
	  "Name": "Wood",
	  "ObjectPath": "\\Virtual Acoustics\\Factory Acoustic Textures\\Textures\\Wood",
	  "GUID": "{1FFFBC96-6FE7-489E-BA6C-7C14A71391AE}",
	  "Color": "7",
	  "Properties": [
	   {
		"Name": "AbsorptionLow",
		"Type": "Real32",
		"Value": "32"
	   },
	   {
		"Name": "AbsorptionMidLow",
		"Type": "Real32",
		"Value": "25"
	   },
	   {
		"Name": "AbsorptionMidHigh",
		"Type": "Real32",
		"Value": "20"
	   },
	   {
		"Name": "AbsorptionHigh",
		"Type": "Real32",
		"Value": "35"
	   },
	   {
		"Name": "Scattering",
		"Type": "Real32",
		"Value": "0"
	   }
	  ]
	 },
	 {
	  "Id": "2412606308",
	  "Name": "Carpet",
	  "ObjectPath": "\\Virtual Acoustics\\Factory Acoustic Textures\\Textures\\Carpet",
	  "GUID": "{34227589-DC56-4260-96C4-B9F4B669092B}",
	  "Color": "17",
	  "Properties": [
	   {
		"Name": "AbsorptionLow",
		"Type": "Real32",
		"Value": "46"
	   },
	   {
		"Name": "AbsorptionMidLow",
		"Type": "Real32",
		"Value": "45"
	   },
	   {
		"Name": "AbsorptionMidHigh",
		"Type": "Real32",
		"Value": "76"
	   },
	   {
		"Name": "AbsorptionHigh",
		"Type": "Real32",
		"Value": "100"
	   },
	   {
		"Name": "Scattering",
		"Type": "Real32",
		"Value": "0"
	   }
	  ]
	 },
	 {
	  "Id": "2637588553",
	  "Name": "Tile",
	  "ObjectPath": "\\Virtual Acoustics\\Factory Acoustic Textures\\Textures\\Tile",
	  "GUID": "{A882DAC4-132A-47B7-BA9D-B9907BA29CC0}",
	  "Color": "16",
	  "Properties": [
	   {
		"Name": "AbsorptionLow",
		"Type": "Real32",
		"Value": "67"
	   },
	   {
		"Name": "AbsorptionMidLow",
		"Type": "Real32",
		"Value": "41"
	   },
	   {
		"Name": "AbsorptionMidHigh",
		"Type": "Real32",
		"Value": "12"
	   },
	   {
		"Name": "AbsorptionHigh",
		"Type": "Real32",
		"Value": "0"
	   },
	   {
		"Name": "Scattering",
		"Type": "Real32",
		"Value": "0"
	   }
	  ]
	 },
	 {
	  "Id": "2928161104",
	  "Name": "Curtains",
	  "ObjectPath": "\\Virtual Acoustics\\Factory Acoustic Textures\\Textures\\Curtains",
	  "GUID": "{F8E69E33-5C97-4968-B508-A1535F2D66E8}",
	  "Color": "3",
	  "Properties": [
	   {
		"Name": "AbsorptionLow",
		"Type": "Real32",
		"Value": "7"
	   },
	   {
		"Name": "AbsorptionMidLow",
		"Type": "Real32",
		"Value": "60"
	   },
	   {
		"Name": "AbsorptionMidHigh",
		"Type": "Real32",
		"Value": "0"
	   },
	   {
		"Name": "AbsorptionHigh",
		"Type": "Real32",
		"Value": "84"
	   },
	   {
		"Name": "Scattering",
		"Type": "Real32",
		"Value": "0"
	   }
	  ]
	 },
	 {
	  "Id": "3195498748",
	  "Name": "Cork_Tiles",
	  "ObjectPath": "\\Virtual Acoustics\\Factory Acoustic Textures\\Textures\\Cork_Tiles",
	  "GUID": "{30D2C919-925F-4143-8906-3DBB3C4AE5E2}",
	  "Color": "19",
	  "Properties": [
	   {
		"Name": "AbsorptionLow",
		"Type": "Real32",
		"Value": "14"
	   },
	   {
		"Name": "AbsorptionMidLow",
		"Type": "Real32",
		"Value": "30"
	   },
	   {
		"Name": "AbsorptionMidHigh",
		"Type": "Real32",
		"Value": "73"
	   },
	   {
		"Name": "AbsorptionHigh",
		"Type": "Real32",
		"Value": "100"
	   },
	   {
		"Name": "Scattering",
		"Type": "Real32",
		"Value": "0"
	   }
	  ]
	 },
	 {
	  "Id": "3670307564",
	  "Name": "Drywall",
	  "ObjectPath": "\\Virtual Acoustics\\Factory Acoustic Textures\\Textures\\Drywall",
	  "GUID": "{68A4E3F4-4C0B-4687-A8B8-A84DB93DBC8F}",
	  "Color": "15",
	  "Properties": [
	   {
		"Name": "AbsorptionLow",
		"Type": "Real32",
		"Value": "2"
	   },
	   {
		"Name": "AbsorptionMidLow",
		"Type": "Real32",
		"Value": "2"
	   },
	   {
		"Name": "AbsorptionMidHigh",
		"Type": "Real32",
		"Value": "2"
	   },
	   {
		"Name": "AbsorptionHigh",
		"Type": "Real32",
		"Value": "2"
	   },
	   {
		"Name": "Scattering",
		"Type": "Real32",
		"Value": "0"
	   }
	  ]
	 },
	 {
	  "Id": "4168643977",
	  "Name": "Acoustic_Banner",
	  "ObjectPath": "\\Virtual Acoustics\\Factory Acoustic Textures\\Textures\\Acoustic_Banner",
	  "GUID": "{2F2D53F2-DACC-408E-8B88-98B1B52A26D6}",
	  "Color": "10",
	  "Properties": [
	   {
		"Name": "AbsorptionLow",
		"Type": "Real32",
		"Value": "37"
	   },
	   {
		"Name": "AbsorptionMidLow",
		"Type": "Real32",
		"Value": "100"
	   },
	   {
		"Name": "AbsorptionMidHigh",
		"Type": "Real32",
		"Value": "100"
	   },
	   {
		"Name": "AbsorptionHigh",
		"Type": "Real32",
		"Value": "100"
	   },
	   {
		"Name": "Scattering",
		"Type": "Real32",
		"Value": "0"
	   }
	  ]
	 },
	 {
	  "Id": "4262522749",
	  "Name": "Wood_Bright",
	  "ObjectPath": "\\Virtual Acoustics\\Factory Acoustic Textures\\Textures\\Wood_Bright",
	  "GUID": "{7B85D1E5-C1A2-4E63-9A13-CEC54B641ADC}",
	  "Color": "20",
	  "Properties": [
	   {
		"Name": "AbsorptionLow",
		"Type": "Real32",
		"Value": "32"
	   },
	   {
		"Name": "AbsorptionMidLow",
		"Type": "Real32",
		"Value": "25"
	   },
	   {
		"Name": "AbsorptionMidHigh",
		"Type": "Real32",
		"Value": "10"
	   },
	   {
		"Name": "AbsorptionHigh",
		"Type": "Real32",
		"Value": "9"
	   },
	   {
		"Name": "Scattering",
		"Type": "Real32",
		"Value": "0"
	   }
	  ]
	 }
	]
   }
  ],
  "FileHash": "{1F7D8637-63CC-6F63-4409-BF9606BDCEA2}"
 }
}
