{
 "PlatformInfo": {
  "Platform": {
   "Name": "Windows",
   "BasePlatform": "Windows",
   "Generator": "2024.1.3.8749"
  },
  "RootPaths": {
   "ProjectRoot": "../../../../Development/Assets/Wwise/slotLike",
   "SourceFilesRoot": "../../../../Development/Assets/Wwise/slotLike/.cache",
   "SoundBanksRoot": ".",
   "ExternalSourcesInputFile": "",
   "ExternalSourcesOutputRoot": "../../../../Development/Assets/Wwise/slotLike/GeneratedSoundBanks/Windows"
  },
  "DefaultAlign": "16",
  "Settings": {
   "AutoSoundBankDefinition": "true",
   "CopyLooseStreamedMediaFiles": "true",
   "SubFoldersForGeneratedFiles": "false",
   "RemoveUnusedGeneratedFiles": "true",
   "SourceControlGeneratedFiles": "true",
   "GenerateHeaderFile": "true",
   "GenerateContentTxtFile": "true",
   "GenerateMetadataXML": "false",
   "GenerateMetadataJSON": "true",
   "GenerateAllBanksMetadata": "false",
   "GeneratePerBankMetadata": "true",
   "UseSoundBankNames": "true",
   "AllowExceedingMaxSize": "false",
   "MaxAttenuationInfo": "true",
   "EstimatedDurationInfo": "true",
   "PrintObjectGuid": "true",
   "PrintObjectPath": "true",
   "PrintObjectColor": "true"
  },
  "FileHash": "{31DDF197-4B87-59C9-C429-26726986D683}"
 }
}