{
 "SoundBanksInfo": {
  "Platform": "Windows",
  "BasePlatform": "Windows",
  "SchemaVersion": "16",
  "SoundBankVersion": "154",
  "SoundBanks": [
   {
    "Id": "1893586077",
    "Type": "User",
    "GUID": "{4FF00781-991C-4C87-B99F-1D9DF6A91DEA}",
    "Language": "SFX",
    "Hash": "{B6D53193-B5C2-9344-3872-223C666532CC}",
    "ObjectPath": "\\SoundBanks\\Default Work Unit\\slotlike230325",
    "ShortName": "slotlike230325",
    "Path": "slotlike230325.bnk",
    "Media": [
     {
      "Id": "5380716",
      "Language": "SFX",
      "Streaming": "false",
      "Location": "Memory",
      "ShortName": "OST\\mainLow.wav",
      "CachePath": "DC/{DC59334B-734F-110C-DE31-BF9ECC6BD7C0}.wem"
     },
     {
      "Id": "16958929",
      "Language": "SFX",
      "Streaming": "false",
      "Location": "Memory",
      "ShortName": "reelStop4.wav",
      "CachePath": "68/{68016C87-C2D3-5897-5950-ED688D63BCD9}.wem"
     },
     {
      "Id": "48573068",
      "Language": "SFX",
      "Streaming": "false",
      "Location": "Memory",
      "ShortName": "OST\\mainEvent.wav",
      "CachePath": "72/{72481628-C64A-72B7-0541-72DFEDE083FF}.wem"
     },
     {
      "Id": "53863141",
      "Language": "SFX",
      "Streaming": "false",
      "Location": "Memory",
      "ShortName": "OST\\opening.wav",
      "CachePath": "AA/{AA0B55E3-34E3-AB39-A523-2B996E4E2380}.wem"
     },
     {
      "Id": "75777306",
      "Language": "SFX",
      "Streaming": "false",
      "Location": "Memory",
      "ShortName": "reelOffset4.wav",
      "CachePath": "B6/{B67D5CDB-5CEE-DBDA-0B7A-B0E7350AB211}.wem"
     },
     {
      "Id": "85763106",
      "Language": "SFX",
      "Streaming": "false",
      "Location": "Memory",
      "ShortName": "defeat.wav",
      "CachePath": "94/{9460BAA0-57DC-5FDE-58FB-A21090D635DF}.wem"
     },
     {
      "Id": "102186723",
      "Language": "SFX",
      "Streaming": "false",
      "Location": "Memory",
      "ShortName": "lvl2.wav",
      "CachePath": "9C/{9C40C2B8-D085-3EB5-2CDA-1CFFDECDF24B}.wem"
     },
     {
      "Id": "103379011",
      "Language": "SFX",
      "Streaming": "false",
      "Location": "Memory",
      "ShortName": "victory.wav",
      "CachePath": "5C/{5C425932-4ECC-4271-CF04-97636DE15790}.wem"
     },
     {
      "Id": "167112038",
      "Language": "SFX",
      "Streaming": "false",
      "Location": "Memory",
      "ShortName": "lvl3.wav",
      "CachePath": "50/{50D9D359-AA52-5E13-5048-9F58C71CAE27}.wem"
     },
     {
      "Id": "238199861",
      "Language": "SFX",
      "Streaming": "false",
      "Location": "Memory",
      "ShortName": "cards.wav",
      "CachePath": "81/{81B507EF-D0B3-982A-FA91-970986E3F822}.wem"
     },
     {
      "Id": "307954509",
      "Language": "SFX",
      "Streaming": "false",
      "Location": "Memory",
      "ShortName": "lvl1.wav",
      "CachePath": "7C/{7C26E376-D0ED-8DE5-4BEC-689915E9CF4C}.wem"
     },
     {
      "Id": "376896174",
      "Language": "SFX",
      "Streaming": "false",
      "Location": "Memory",
      "ShortName": "OST\\mainHigh.wav",
      "CachePath": "19/{1994E8BD-243F-7D34-D6F6-1B13EF06BDEA}.wem"
     },
     {
      "Id": "387259402",
      "Language": "SFX",
      "Streaming": "false",
      "Location": "Memory",
      "ShortName": "reelStop5.wav",
      "CachePath": "2C/{2CBEE8AC-9600-AF16-B1CD-1138B564B9F1}.wem"
     },
     {
      "Id": "388968205",
      "Language": "SFX",
      "Streaming": "false",
      "Location": "Memory",
      "ShortName": "cards.wav",
      "CachePath": "CC/{CC21F3A4-5CA8-BC51-BE0A-11020E111AB2}.wem"
     },
     {
      "Id": "439818068",
      "Language": "SFX",
      "Streaming": "false",
      "Location": "Memory",
      "ShortName": "reelOffset1.wav",
      "CachePath": "E2/{E2916A24-69BB-F4AF-ACB8-AEAE2AE39485}.wem"
     },
     {
      "Id": "448120465",
      "Language": "SFX",
      "Streaming": "false",
      "Location": "Memory",
      "ShortName": "treasure.wav",
      "CachePath": "DE/{DE0CFB52-CC9B-FCDF-B2F0-A1D23A81C746}.wem"
     },
     {
      "Id": "492461634",
      "Language": "SFX",
      "Streaming": "false",
      "Location": "Memory",
      "ShortName": "button6.wav",
      "CachePath": "AA/{AA2ACF8E-AF81-E402-5834-0BA912B70BB8}.wem"
     },
     {
      "Id": "511673366",
      "Language": "SFX",
      "Streaming": "false",
      "Location": "Memory",
      "ShortName": "reelOffset5.wav",
      "CachePath": "75/{756A88F4-59C4-C0EA-4498-5355CBBC955F}.wem"
     },
     {
      "Id": "521330262",
      "Language": "SFX",
      "Streaming": "false",
      "Location": "Memory",
      "ShortName": "secret.wav",
      "CachePath": "23/{2387469E-E882-9214-FB75-AFE8EADDE641}.wem"
     },
     {
      "Id": "524488604",
      "Language": "SFX",
      "Streaming": "false",
      "Location": "Memory",
      "ShortName": "reelOffset3.wav",
      "CachePath": "76/{76E688BC-B64D-868F-8F2A-2BD0A25FC2AA}.wem"
     },
     {
      "Id": "538498074",
      "Language": "SFX",
      "Streaming": "false",
      "Location": "Memory",
      "ShortName": "OST\\mainMenu.wav",
      "CachePath": "13/{13D8F244-2787-09E6-DF5B-CDD66408B35F}.wem"
     },
     {
      "Id": "547944412",
      "Language": "SFX",
      "Streaming": "false",
      "Location": "Memory",
      "ShortName": "reelSpin.wav",
      "CachePath": "D1/{D1154C68-EF1E-947B-87E7-4B94F14122B0}.wem"
     },
     {
      "Id": "577134540",
      "Language": "SFX",
      "Streaming": "false",
      "Location": "Memory",
      "ShortName": "button1.wav",
      "CachePath": "2D/{2D048DF7-D087-1B7B-0317-CD32DF31E41D}.wem"
     },
     {
      "Id": "580885339",
      "Language": "SFX",
      "Streaming": "false",
      "Location": "Memory",
      "ShortName": "reelStop1.wav",
      "CachePath": "1D/{1D4D2C81-07D7-AE84-F11C-938572047AD1}.wem"
     },
     {
      "Id": "609856089",
      "Language": "SFX",
      "Streaming": "false",
      "Location": "Memory",
      "ShortName": "lever5.wav",
      "CachePath": "F6/{F6D4DB23-245D-D16A-0B53-669EEBF3D21A}.wem"
     },
     {
      "Id": "616700087",
      "Language": "SFX",
      "Streaming": "false",
      "Location": "Memory",
      "ShortName": "spinsAdded.wav",
      "CachePath": "89/{895D1DCC-0D9D-5AD7-CC0B-915A79E87AB3}.wem"
     },
     {
      "Id": "618053026",
      "Language": "SFX",
      "Streaming": "false",
      "Location": "Memory",
      "ShortName": "button5.wav",
      "CachePath": "3A/{3AA1EFB0-770B-D674-8CF8-0D97A0465CE8}.wem"
     },
     {
      "Id": "667140631",
      "Language": "SFX",
      "Streaming": "false",
      "Location": "Memory",
      "ShortName": "bowDraw.wav",
      "CachePath": "52/{520F7320-80D0-A012-8F0E-C27ECDDA2C01}.wem"
     },
     {
      "Id": "713982267",
      "Language": "SFX",
      "Streaming": "false",
      "Location": "Memory",
      "ShortName": "reelJingle.wav",
      "CachePath": "FD/{FD2A2586-2ACE-5471-61C1-5AA579453278}.wem"
     },
     {
      "Id": "727355017",
      "Language": "SFX",
      "Streaming": "false",
      "Location": "Memory",
      "ShortName": "OST\\specialStageIntro.wav",
      "CachePath": "96/{9696BF2B-7892-086C-42B3-D3EE56805707}.wem"
     },
     {
      "Id": "745839217",
      "Language": "SFX",
      "Streaming": "false",
      "Location": "Memory",
      "ShortName": "reelStop3.wav",
      "CachePath": "71/{7146AA41-908B-A613-8A85-9A16F2022E9D}.wem"
     },
     {
      "Id": "781312075",
      "Language": "SFX",
      "Streaming": "false",
      "Location": "Memory",
      "ShortName": "reelStop2.wav",
      "CachePath": "A1/{A1B211FA-5E8C-0A9C-93A3-76FA63194621}.wem"
     },
     {
      "Id": "830269697",
      "Language": "SFX",
      "Streaming": "false",
      "Location": "Memory",
      "ShortName": "OST\\specialStage.wav",
      "CachePath": "56/{56C8B43D-2A31-1CEA-CEA2-13983D073DA8}.wem"
     },
     {
      "Id": "831853035",
      "Language": "SFX",
      "Streaming": "false",
      "Location": "Memory",
      "ShortName": "OST\\mainMid.wav",
      "CachePath": "70/{70D7BC38-024B-94D0-12A5-F6349AA1E896}.wem"
     },
     {
      "Id": "834275233",
      "Language": "SFX",
      "Streaming": "false",
      "Location": "Memory",
      "ShortName": "button2.wav",
      "CachePath": "66/{66300552-8F63-89F3-32C8-48ABC72E0A73}.wem"
     },
     {
      "Id": "841274802",
      "Language": "SFX",
      "Streaming": "false",
      "Location": "Memory",
      "ShortName": "dagger.wav",
      "CachePath": "6B/{6BBB0132-E569-8B3D-614E-A7F0EF495877}.wem"
     },
     {
      "Id": "878146093",
      "Language": "SFX",
      "Streaming": "false",
      "Location": "Memory",
      "ShortName": "cards.wav",
      "CachePath": "F6/{F6C28809-3B88-0AF4-C614-7E6015BEACD8}.wem"
     },
     {
      "Id": "888555694",
      "Language": "SFX",
      "Streaming": "false",
      "Location": "Memory",
      "ShortName": "spinsLost.wav",
      "CachePath": "66/{6684374D-7F54-A2A1-BCE3-D69B5842F9C4}.wem"
     },
     {
      "Id": "904808013",
      "Language": "SFX",
      "Streaming": "false",
      "Location": "Memory",
      "ShortName": "button3.wav",
      "CachePath": "3F/{3F5806EE-C2DE-6EDF-7DF6-25842BA2EF70}.wem"
     },
     {
      "Id": "952149774",
      "Language": "SFX",
      "Streaming": "false",
      "Location": "Memory",
      "ShortName": "lvl3secret.wav",
      "CachePath": "D2/{D2194623-5DD4-6AC2-F1BB-C6F2E1EFD21A}.wem"
     },
     {
      "Id": "969704485",
      "Language": "SFX",
      "Streaming": "false",
      "Location": "Memory",
      "ShortName": "sword.wav",
      "CachePath": "52/{52CCE542-C0D7-9D42-362A-31171B13D023}.wem"
     },
     {
      "Id": "970345989",
      "Language": "SFX",
      "Streaming": "false",
      "Location": "Memory",
      "ShortName": "reelOffset2.wav",
      "CachePath": "35/{35FB913A-2A7E-F8EC-F3F1-C1B9FF4C54ED}.wem"
     },
     {
      "Id": "1001949050",
      "Language": "SFX",
      "Streaming": "false",
      "Location": "Memory",
      "ShortName": "button4.wav",
      "CachePath": "50/{50183533-09B1-4926-A7FC-0B3B49DB6B06}.wem"
     },
     {
      "Id": "1065150250",
      "Language": "SFX",
      "Streaming": "false",
      "Location": "Memory",
      "ShortName": "bowShoot.wav",
      "CachePath": "95/{95024290-E375-C9DE-3144-2A49C109DA22}.wem"
     }
    ],
    "Events": [
     {
      "Id": "2300133912",
      "Name": "archer",
      "ObjectPath": "\\Events\\Default Work Unit\\characters\\archer",
      "GUID": "{283619D3-68EB-47D2-8597-E1832C7218B8}",
      "DurationType": "OneShot",
      "DurationMin": "0.8581746",
      "DurationMax": "0.8581746",
      "MediaRefs": [
       {
        "Id": "667140631"
       },
       {
        "Id": "1065150250"
       }
      ]
     },
     {
      "Id": "977454165",
      "Name": "button",
      "ObjectPath": "\\Events\\Default Work Unit\\ui\\button",
      "GUID": "{48CC2596-D42B-4535-A61F-A137C934934C}",
      "DurationType": "OneShot",
      "DurationMin": "0.23821257",
      "DurationMax": "0.40084437",
      "MediaRefs": [
       {
        "Id": "492461634"
       },
       {
        "Id": "577134540"
       },
       {
        "Id": "618053026"
       },
       {
        "Id": "834275233"
       },
       {
        "Id": "904808013"
       },
       {
        "Id": "1001949050"
       }
      ]
     },
     {
      "Id": "2791934585",
      "Name": "cardStart",
      "ObjectPath": "\\Events\\Default Work Unit\\gameplay\\cards\\cardStart",
      "GUID": "{FE4A36AC-BE09-416B-B3FF-6D0A563C6A1D}",
      "DurationType": "Infinite",
      "MediaRefs": [
       {
        "Id": "238199861"
       },
       {
        "Id": "388968205"
       },
       {
        "Id": "878146093"
       }
      ]
     },
     {
      "Id": "2373841875",
      "Name": "cardStop",
      "ObjectPath": "\\Events\\Default Work Unit\\gameplay\\cards\\cardStop",
      "GUID": "{97B47743-1530-474C-96AD-34EB95E131E0}",
      "MaxAttenuation": "0",
      "DurationType": "OneShot",
      "DurationMin": "0",
      "DurationMax": "0"
     },
     {
      "Id": "2563778470",
      "Name": "leverPull",
      "ObjectPath": "\\Events\\Default Work Unit\\ui\\leverPull",
      "GUID": "{4AF3ABF8-9D07-4831-8DD6-C0CC3AB30C23}",
      "DurationType": "OneShot",
      "DurationMin": "0.8365306",
      "DurationMax": "0.8365306",
      "MediaRefs": [
       {
        "Id": "609856089"
       }
      ]
     },
     {
      "Id": "141331490",
      "Name": "lvl1",
      "ObjectPath": "\\Events\\Default Work Unit\\gameplay\\combos\\lvl1",
      "GUID": "{EAC50902-4700-4C5C-A89F-31773152AA79}",
      "DurationType": "OneShot",
      "DurationMin": "1.4117687",
      "DurationMax": "1.4117687",
      "MediaRefs": [
       {
        "Id": "307954509"
       }
      ]
     },
     {
      "Id": "141331489",
      "Name": "lvl2",
      "ObjectPath": "\\Events\\Default Work Unit\\gameplay\\combos\\lvl2",
      "GUID": "{6D1BCD3A-9868-4C94-8250-D8D39FED9639}",
      "DurationType": "OneShot",
      "DurationMin": "1.4117687",
      "DurationMax": "1.4117687",
      "MediaRefs": [
       {
        "Id": "102186723"
       }
      ]
     },
     {
      "Id": "141331488",
      "Name": "lvl3",
      "ObjectPath": "\\Events\\Default Work Unit\\gameplay\\combos\\lvl3",
      "GUID": "{DE6BF2B5-82D8-4C09-B959-EE3EF9B388C1}",
      "DurationType": "OneShot",
      "DurationMin": "1.4117687",
      "DurationMax": "1.4117687",
      "MediaRefs": [
       {
        "Id": "167112038"
       }
      ]
     },
     {
      "Id": "2169426660",
      "Name": "lvl3Secret",
      "ObjectPath": "\\Events\\Default Work Unit\\gameplay\\combos\\lvl3Secret",
      "GUID": "{DD8C5C62-9B10-4AF9-ADA9-D20E15EBC6DF}",
      "DurationType": "OneShot",
      "DurationMin": "3.0147166",
      "DurationMax": "3.0147166",
      "MediaRefs": [
       {
        "Id": "952149774"
       }
      ]
     },
     {
      "Id": "611937389",
      "Name": "ost",
      "ObjectPath": "\\Events\\Default Work Unit\\ost\\ost",
      "GUID": "{E95694D1-48C9-4A15-94F8-3D45E06CBD6C}",
      "DurationType": "Infinite",
      "SwitchContainers": [
       {
        "SwitchValue": {
         "GroupType": "State",
         "GroupId": "3459452222",
         "Id": "0",
         "GUID": "{5413ED9C-02B4-439A-A058-1046596D0F7B}"
        },
        "Children": [
         {
          "SwitchValue": {
           "GroupType": "State",
           "GroupId": "2470328564",
           "Id": "0",
           "GUID": "{FEB66F76-DFCF-42E5-A7F7-224E6F57A28C}"
          },
          "Children": [
           {
            "SwitchValue": {
             "GroupType": "State",
             "GroupId": "936499202",
             "Id": "0",
             "GUID": "{159262B9-98BD-48A3-9893-3105063E0619}"
            },
            "MediaRefs": [
             {
              "Id": "48573068"
             }
            ]
           }
          ]
         }
        ]
       },
       {
        "SwitchValue": {
         "GroupType": "State",
         "GroupId": "3459452222",
         "Id": "748895195",
         "GUID": "{73F05E06-A152-4B9F-ADC7-81F0EC3A5F25}"
        },
        "Children": [
         {
          "SwitchValue": {
           "GroupType": "State",
           "GroupId": "2470328564",
           "Id": "0",
           "GUID": "{FEB66F76-DFCF-42E5-A7F7-224E6F57A28C}"
          },
          "Children": []
         }
        ]
       },
       {
        "SwitchValue": {
         "GroupType": "State",
         "GroupId": "3459452222",
         "Id": "3161415855",
         "GUID": "{1DCD9909-BB9D-45A6-BC75-4BA437F1ECD2}"
        },
        "Children": [
         {
          "SwitchValue": {
           "GroupType": "State",
           "GroupId": "2470328564",
           "Id": "0",
           "GUID": "{FEB66F76-DFCF-42E5-A7F7-224E6F57A28C}"
          },
          "Children": [
           {
            "SwitchValue": {
             "GroupType": "State",
             "GroupId": "936499202",
             "Id": "0",
             "GUID": "{159262B9-98BD-48A3-9893-3105063E0619}"
            },
            "MediaRefs": [
             {
              "Id": "48573068"
             }
            ]
           }
          ]
         }
        ]
       },
       {
        "SwitchValue": {
         "GroupType": "State",
         "GroupId": "3459452222",
         "Id": "89505537",
         "GUID": "{6EEDB8CE-EBAC-4606-81E4-348F9DFD69D9}"
        },
        "Children": [
         {
          "SwitchValue": {
           "GroupType": "State",
           "GroupId": "2470328564",
           "Id": "3550808449",
           "GUID": "{039AC060-DEB8-4EFA-8862-E292D6860D15}"
          },
          "Children": [
           {
            "SwitchValue": {
             "GroupType": "State",
             "GroupId": "936499202",
             "Id": "0",
             "GUID": "{159262B9-98BD-48A3-9893-3105063E0619}"
            },
            "MediaRefs": [
             {
              "Id": "376896174"
             }
            ]
           }
          ]
         }
        ]
       },
       {
        "SwitchValue": {
         "GroupType": "State",
         "GroupId": "3459452222",
         "Id": "89505537",
         "GUID": "{6EEDB8CE-EBAC-4606-81E4-348F9DFD69D9}"
        },
        "Children": [
         {
          "SwitchValue": {
           "GroupType": "State",
           "GroupId": "2470328564",
           "Id": "545371365",
           "GUID": "{C6840F81-92AA-4167-8D7D-B3678EE7C565}"
          },
          "Children": [
           {
            "SwitchValue": {
             "GroupType": "State",
             "GroupId": "936499202",
             "Id": "0",
             "GUID": "{159262B9-98BD-48A3-9893-3105063E0619}"
            },
            "MediaRefs": [
             {
              "Id": "5380716"
             }
            ]
           }
          ]
         }
        ]
       },
       {
        "SwitchValue": {
         "GroupType": "State",
         "GroupId": "3459452222",
         "Id": "89505537",
         "GUID": "{6EEDB8CE-EBAC-4606-81E4-348F9DFD69D9}"
        },
        "Children": [
         {
          "SwitchValue": {
           "GroupType": "State",
           "GroupId": "2470328564",
           "Id": "1182670505",
           "GUID": "{5BCA9AC2-01BA-424A-A497-CB3D7198B00B}"
          },
          "Children": [
           {
            "SwitchValue": {
             "GroupType": "State",
             "GroupId": "936499202",
             "Id": "0",
             "GUID": "{159262B9-98BD-48A3-9893-3105063E0619}"
            },
            "MediaRefs": [
             {
              "Id": "831853035"
             }
            ]
           }
          ]
         }
        ]
       },
       {
        "SwitchValue": {
         "GroupType": "State",
         "GroupId": "3459452222",
         "Id": "89505537",
         "GUID": "{6EEDB8CE-EBAC-4606-81E4-348F9DFD69D9}"
        },
        "Children": [
         {
          "SwitchValue": {
           "GroupType": "State",
           "GroupId": "2470328564",
           "Id": "748895195",
           "GUID": "{0BE5A68D-AA31-4069-8545-096E73398A4D}"
          },
          "Children": [
           {
            "SwitchValue": {
             "GroupType": "State",
             "GroupId": "936499202",
             "Id": "0",
             "GUID": "{159262B9-98BD-48A3-9893-3105063E0619}"
            },
            "MediaRefs": [
             {
              "Id": "5380716"
             }
            ]
           }
          ]
         }
        ]
       },
       {
        "SwitchValue": {
         "GroupType": "State",
         "GroupId": "3459452222",
         "Id": "2607556080",
         "GUID": "{D4B2E5B7-EE22-4FBA-9247-F9D349859F78}"
        },
        "Children": [
         {
          "SwitchValue": {
           "GroupType": "State",
           "GroupId": "2470328564",
           "Id": "0",
           "GUID": "{FEB66F76-DFCF-42E5-A7F7-224E6F57A28C}"
          },
          "Children": [
           {
            "SwitchValue": {
             "GroupType": "State",
             "GroupId": "936499202",
             "Id": "0",
             "GUID": "{159262B9-98BD-48A3-9893-3105063E0619}"
            },
            "MediaRefs": [
             {
              "Id": "53863141"
             },
             {
              "Id": "538498074"
             }
            ]
           }
          ]
         }
        ]
       },
       {
        "SwitchValue": {
         "GroupType": "State",
         "GroupId": "3459452222",
         "Id": "3780578133",
         "GUID": "{75C79EDC-B2EF-4468-B408-6B17FDC18468}"
        },
        "Children": [
         {
          "SwitchValue": {
           "GroupType": "State",
           "GroupId": "2470328564",
           "Id": "0",
           "GUID": "{FEB66F76-DFCF-42E5-A7F7-224E6F57A28C}"
          },
          "Children": [
           {
            "SwitchValue": {
             "GroupType": "State",
             "GroupId": "936499202",
             "Id": "221232726",
             "GUID": "{DC780D99-D55D-4CF7-819F-11B9FBCDD6A0}"
            },
            "MediaRefs": [
             {
              "Id": "85763106"
             }
            ]
           }
          ]
         }
        ]
       },
       {
        "SwitchValue": {
         "GroupType": "State",
         "GroupId": "3459452222",
         "Id": "3780578133",
         "GUID": "{75C79EDC-B2EF-4468-B408-6B17FDC18468}"
        },
        "Children": [
         {
          "SwitchValue": {
           "GroupType": "State",
           "GroupId": "2470328564",
           "Id": "0",
           "GUID": "{FEB66F76-DFCF-42E5-A7F7-224E6F57A28C}"
          },
          "Children": [
           {
            "SwitchValue": {
             "GroupType": "State",
             "GroupId": "936499202",
             "Id": "748895195",
             "GUID": "{89CBAE42-EC78-4820-9ED8-7D50AF868447}"
            },
            "MediaRefs": [
             {
              "Id": "85763106"
             }
            ]
           }
          ]
         }
        ]
       },
       {
        "SwitchValue": {
         "GroupType": "State",
         "GroupId": "3459452222",
         "Id": "3780578133",
         "GUID": "{75C79EDC-B2EF-4468-B408-6B17FDC18468}"
        },
        "Children": [
         {
          "SwitchValue": {
           "GroupType": "State",
           "GroupId": "2470328564",
           "Id": "0",
           "GUID": "{FEB66F76-DFCF-42E5-A7F7-224E6F57A28C}"
          },
          "Children": [
           {
            "SwitchValue": {
             "GroupType": "State",
             "GroupId": "936499202",
             "Id": "979765101",
             "GUID": "{50C7B36F-4FC9-4B96-9445-C95E2CB50ECA}"
            },
            "MediaRefs": [
             {
              "Id": "103379011"
             }
            ]
           }
          ]
         }
        ]
       },
       {
        "SwitchValue": {
         "GroupType": "State",
         "GroupId": "3459452222",
         "Id": "3064974266",
         "GUID": "{BE22D4F2-ED40-40BB-94F7-D65128F1B370}"
        },
        "Children": [
         {
          "SwitchValue": {
           "GroupType": "State",
           "GroupId": "2470328564",
           "Id": "0",
           "GUID": "{FEB66F76-DFCF-42E5-A7F7-224E6F57A28C}"
          },
          "Children": [
           {
            "SwitchValue": {
             "GroupType": "State",
             "GroupId": "936499202",
             "Id": "0",
             "GUID": "{159262B9-98BD-48A3-9893-3105063E0619}"
            },
            "MediaRefs": [
             {
              "Id": "727355017"
             },
             {
              "Id": "830269697"
             }
            ]
           }
          ]
         }
        ]
       }
      ]
     },
     {
      "Id": "1323061324",
      "Name": "reelOffset",
      "ObjectPath": "\\Events\\Default Work Unit\\reels\\reelOffset\\reelOffset",
      "GUID": "{1E012ADB-0C41-4489-BE82-44FC17EFA653}",
      "DurationType": "OneShot",
      "DurationMin": "0.38572568",
      "DurationMax": "0.43805557",
      "MediaRefs": [
       {
        "Id": "75777306"
       },
       {
        "Id": "439818068"
       },
       {
        "Id": "511673366"
       },
       {
        "Id": "524488604"
       },
       {
        "Id": "970345989"
       }
      ]
     },
     {
      "Id": "2371611649",
      "Name": "reelSpin",
      "ObjectPath": "\\Events\\Default Work Unit\\reels\\reelSpin\\reelSpin",
      "GUID": "{AC8B926C-4426-4653-ADB4-26585F409E9C}",
      "DurationType": "Infinite",
      "MediaRefs": [
       {
        "Id": "547944412"
       },
       {
        "Id": "713982267"
       }
      ]
     },
     {
      "Id": "2479754016",
      "Name": "reelSpinEnd",
      "ObjectPath": "\\Events\\Default Work Unit\\reels\\reelSpin\\reelSpinEnd",
      "GUID": "{71CF24E5-4035-43B4-BD19-97494F0584C0}",
      "MaxAttenuation": "0",
      "DurationType": "OneShot",
      "DurationMin": "0",
      "DurationMax": "0"
     },
     {
      "Id": "2337468061",
      "Name": "reelStop",
      "ObjectPath": "\\Events\\Default Work Unit\\reels\\reelStop\\reelStop",
      "GUID": "{0228F4A3-3873-47E9-A6A8-F4E736C60E6E}",
      "DurationType": "OneShot",
      "DurationMin": "0.39026308",
      "DurationMax": "0.43805557",
      "MediaRefs": [
       {
        "Id": "16958929"
       },
       {
        "Id": "387259402"
       },
       {
        "Id": "580885339"
       },
       {
        "Id": "745839217"
       },
       {
        "Id": "781312075"
       }
      ]
     },
     {
      "Id": "1262240037",
      "Name": "rouge",
      "ObjectPath": "\\Events\\Default Work Unit\\characters\\rouge",
      "GUID": "{5F180736-0F35-4228-8817-7BB34C02A3B0}",
      "DurationType": "OneShot",
      "DurationMin": "0.27884355",
      "DurationMax": "0.27884355",
      "MediaRefs": [
       {
        "Id": "841274802"
       }
      ]
     },
     {
      "Id": "3354192397",
      "Name": "secret",
      "ObjectPath": "\\Events\\Default Work Unit\\events\\secret",
      "GUID": "{5F17B6BA-7C91-4E72-8E22-2604D8825584}",
      "DurationType": "OneShot",
      "DurationMin": "5.4375057",
      "DurationMax": "5.4375057",
      "MediaRefs": [
       {
        "Id": "521330262"
       }
      ]
     },
     {
      "Id": "2525390166",
      "Name": "spinsAdded",
      "ObjectPath": "\\Events\\Default Work Unit\\gameplay\\spins\\spinsAdded",
      "GUID": "{71BBBFD4-6A37-4E14-B088-A68873435FA8}",
      "DurationType": "OneShot",
      "DurationMin": "0.35417235",
      "DurationMax": "0.35417235",
      "MediaRefs": [
       {
        "Id": "616700087"
       }
      ]
     },
     {
      "Id": "1942868210",
      "Name": "spinsLost",
      "ObjectPath": "\\Events\\Default Work Unit\\gameplay\\spins\\spinsLost",
      "GUID": "{5822A391-D438-4B3E-AE79-13376678FF25}",
      "DurationType": "OneShot",
      "DurationMin": "0.35417235",
      "DurationMax": "0.35417235",
      "MediaRefs": [
       {
        "Id": "888555694"
       }
      ]
     },
     {
      "Id": "3284038070",
      "Name": "treasure",
      "ObjectPath": "\\Events\\Default Work Unit\\events\\treasure",
      "GUID": "{FC56C02D-6712-4366-8E20-BF3F26AA0D5B}",
      "DurationType": "OneShot",
      "DurationMin": "0.5096145",
      "DurationMax": "0.5096145",
      "MediaRefs": [
       {
        "Id": "448120465"
       }
      ]
     },
     {
      "Id": "616212745",
      "Name": "warrior",
      "ObjectPath": "\\Events\\Default Work Unit\\characters\\warrior",
      "GUID": "{A4096048-81F4-4A0A-9A5B-F51D0AFC206F}",
      "DurationType": "OneShot",
      "DurationMin": "0.6394331",
      "DurationMax": "0.6394331",
      "MediaRefs": [
       {
        "Id": "969704485"
       }
      ]
     }
    ],
    "GameParameters": [
     {
      "Id": "2275025563",
      "Name": "spinNum",
      "ObjectPath": "\\Game Parameters\\Default Work Unit\\spinNum",
      "GUID": "{6D9C51D4-8764-4FBB-94B6-789A4D302314}"
     }
    ],
    "StateGroups": [
     {
      "Id": "936499202",
      "Name": "result",
      "ObjectPath": "\\States\\Default Work Unit\\result",
      "GUID": "{159262B9-98BD-48A3-9893-3105063E0619}",
      "States": [
       {
        "Id": "221232726",
        "Name": "lose",
        "ObjectPath": "\\States\\Default Work Unit\\result\\lose",
        "GUID": "{DC780D99-D55D-4CF7-819F-11B9FBCDD6A0}"
       },
       {
        "Id": "748895195",
        "Name": "None",
        "ObjectPath": "\\States\\Default Work Unit\\result\\None",
        "GUID": "{89CBAE42-EC78-4820-9ED8-7D50AF868447}"
       },
       {
        "Id": "979765101",
        "Name": "win",
        "ObjectPath": "\\States\\Default Work Unit\\result\\win",
        "GUID": "{50C7B36F-4FC9-4B96-9445-C95E2CB50ECA}"
       }
      ]
     },
     {
      "Id": "2470328564",
      "Name": "intensity",
      "ObjectPath": "\\States\\Default Work Unit\\intensity",
      "GUID": "{FEB66F76-DFCF-42E5-A7F7-224E6F57A28C}",
      "States": [
       {
        "Id": "545371365",
        "Name": "low",
        "ObjectPath": "\\States\\Default Work Unit\\intensity\\low",
        "GUID": "{C6840F81-92AA-4167-8D7D-B3678EE7C565}"
       },
       {
        "Id": "748895195",
        "Name": "None",
        "ObjectPath": "\\States\\Default Work Unit\\intensity\\None",
        "GUID": "{0BE5A68D-AA31-4069-8545-096E73398A4D}"
       },
       {
        "Id": "1182670505",
        "Name": "mid",
        "ObjectPath": "\\States\\Default Work Unit\\intensity\\mid",
        "GUID": "{5BCA9AC2-01BA-424A-A497-CB3D7198B00B}"
       },
       {
        "Id": "3550808449",
        "Name": "high",
        "ObjectPath": "\\States\\Default Work Unit\\intensity\\high",
        "GUID": "{039AC060-DEB8-4EFA-8862-E292D6860D15}"
       }
      ]
     },
     {
      "Id": "3459452222",
      "Name": "phase",
      "ObjectPath": "\\States\\Default Work Unit\\phase",
      "GUID": "{5413ED9C-02B4-439A-A058-1046596D0F7B}",
      "States": [
       {
        "Id": "89505537",
        "Name": "gameplay",
        "ObjectPath": "\\States\\Default Work Unit\\phase\\gameplay",
        "GUID": "{6EEDB8CE-EBAC-4606-81E4-348F9DFD69D9}"
       },
       {
        "Id": "748895195",
        "Name": "None",
        "ObjectPath": "\\States\\Default Work Unit\\phase\\None",
        "GUID": "{73F05E06-A152-4B9F-ADC7-81F0EC3A5F25}"
       },
       {
        "Id": "2607556080",
        "Name": "menu",
        "ObjectPath": "\\States\\Default Work Unit\\phase\\menu",
        "GUID": "{D4B2E5B7-EE22-4FBA-9247-F9D349859F78}"
       },
       {
        "Id": "3064974266",
        "Name": "special",
        "ObjectPath": "\\States\\Default Work Unit\\phase\\special",
        "GUID": "{BE22D4F2-ED40-40BB-94F7-D65128F1B370}"
       },
       {
        "Id": "3161415855",
        "Name": "event",
        "ObjectPath": "\\States\\Default Work Unit\\phase\\event",
        "GUID": "{1DCD9909-BB9D-45A6-BC75-4BA437F1ECD2}"
       },
       {
        "Id": "3780578133",
        "Name": "results",
        "ObjectPath": "\\States\\Default Work Unit\\phase\\results",
        "GUID": "{75C79EDC-B2EF-4468-B408-6B17FDC18468}"
       }
      ]
     }
    ]
   }
  ],
  "FileHash": "{2C6D40CA-D057-418C-F8DD-52D56F4AA75B}"
 }
}