{
 "ProjectInfo": {
  "Project": {
   "Name": "slotLike",
   "GUID": "{2CB785EB-B410-462C-881C-621FC78BE87A}",
   "Generator": "2024.1.3.8749"
  },
  "CacheRoot": "../../../Development/Assets/Wwise/slotLike/.cache",
  "Platforms": [
   {
    "Name": "Windows",
    "GUID": "{6E05337B-AC5C-4F24-ABF6-0212BDE92EC9}",
    "BasePlatform": "Windows",
    "BasePlatformGUID": "{6E0CB257-C6C8-4C5C-8366-2740DFC441EB}",
    "Path": "windows"
   }
  ],
  "Languages": [
   {
    "Name": "English(US)",
    "Id": "684519430",
    "GUID": "{7568D8B6-8429-41E4-9A1D-E896618F9FBD}",
    "Default": "true",
    "UseAsStandIn": "true"
   }
  ],
  "FileHash": "{FC5D5E82-4F2F-74FE-7DE1-10D82CC91522}"
 }
}